product,description
Alpine Shield Jacket,"A waterproof hiking jacket designed for heavy rain and windy mountain conditions. It has sealed seams, an adjustable hood, and breathable fabric."
TrailBreeze Shirt,"A lightweight hiking shirt made from breathable fabric. It dries quickly and is suitable for warm-weather outdoor activities."
SunGuard Hiking Shirt,"A lightweight long-sleeve shirt with UPF 50+ sun protection. It is designed for hiking, trekking, and long outdoor activities in sunny conditions."
MountainFlex Pants,"Stretchable hiking pants with durable fabric and reinforced knees. Suitable for trekking and rocky mountain trails."
RainShell Jacket,"A compact waterproof rain jacket that is easy to pack. It provides protection from rain during hiking and camping trips."
Explorer Fleece,"A warm fleece jacket designed for cool-weather hiking. It provides insulation while remaining lightweight."
Summit Trekking Boots,"Durable waterproof trekking boots with strong ankle support and a rugged outsole. Designed for mountain trails."
CampLite Vest,"A lightweight insulated vest suitable for camping and mild winter conditions. It provides warmth without restricting movement."
Desert Trail Hat,"A wide-brim outdoor hat that provides shade and helps protect the face from strong sunlight during hiking."
ForestGrip Gloves,"Durable hiking gloves with reinforced palms. They provide grip and protection during trekking and outdoor activities."
Coastal Windbreaker,"A lightweight wind-resistant jacket designed for coastal walks and windy outdoor conditions. It can be packed easily."
Thermal Base Layer,"A moisture-wicking thermal base layer designed to keep the wearer warm during cold-weather hiking and trekking."